Full Text,Sentiment,Domain,Date,Page Type,Country Character,Country Competence,People Character,People Competence,text
RT @StephenMcDonell #China‚Äôs Henan province today: Everywhere we‚Äôre turning up at the moment the police/government officials want us to move on. We say people want to see important #coronavirus work. They seem to think attention makes them look like not handling crisis well. @Ep_lawrence on camera. https://t.co/dBspde8Yrf,negative,twitter.com,59:36.0,twitter,0.0,0.0,-1.0,0.0,china s henan province today everywhere we re turning moment policegovernment officials want move say people want see important coronavirus work seem think attention makes look like handling crisis well camera
RT @Bsintash #VirusThreatInCamps We call all international media outlets to pay attention on the most urgent situation in #China right now! https://t.co/ljxRmAJHZO,neutral,twitter.com,58:18.0,twitter,-1.0,0.0,0.0,0.0,virusthreatincamps call international media outlets pay attention urgent situation china right
RT @RT_com #Spain confirms first case of fast-spreading #coronavirus gripping #China https://t.co/1GriRYqtqT https://t.co/nNSfcDP16J,neutral,twitter.com,57:39.0,twitter,0.0,0.0,0.0,-1.0,spain confirms first case fastspreading coronavirus gripping china
@kerrya11en That is amazing and cute.I am 100% supporting you guys I hope you fight through this virus FIGHTING!!!!!! #Wuhan #China #WuhanChina,positive,twitter.com,56:54.0,twitter,0.0,0.0,1.0,0.0,amazing cutei supporting guys hope fight virus fighting wuhan china wuhanchina
RT @VistaPResearch United joins Delta and American in halting flights to #China due to the #coronavirus https://t.co/gjRi9SUhaf,neutral,twitter.com,56:46.0,twitter,0.0,-1.0,0.0,0.0,united joins delta american halting flights china due coronavirus
Golden rats light up #Sydney's #Lunar lanterns https://t.co/TbokXqUAvP #Asia #Asian #Aussie #Australia #Australian #Chinese #Intelligence #Korean #Malaysia #Moore #Rain #Robot #Snake https://t.co/DDHeupTEWT,neutral,twitter.com,56:31.0,twitter,0.0,0.0,0.0,1.0,golden rats light sydneys lunar lanterns asia asian aussie australia australian chinese intelligence korean malaysia moore rain robot snake
RT @SenRubioPress Confirmed #coronavirus cases in #Xinjiang highlight the ongoing humanitarian crisis for Uyghurs. The 1+ million detained in camps cannot take basic precautions against the spread of the disease. #China should immediately release those detained. #VirusThreatInCamps,neutral,twitter.com,56:01.0,twitter,0.0,0.0,-1.0,-1.0,confirmed coronavirus cases xinjiang highlight ongoing humanitarian crisis uyghurs million detained camps cannot take basic precautions spread disease china immediately release detained virusthreatincamps
"#Airbus bribed officials in #Brazilüáßüá∑#Chinaüá®üá≥#Ghanaüá¨üá≠#Indonesia#JapanüáØüáµüáÆüá©#Kuwaitüá∞üáº#Malaysiaüá≤üáæ#SriLankaüá±üá∞#Russiaüá∑üá∫#Turkeyüáπüá∑ & hid the payments as part of a pattern of worldwide #corruption; agreed a record $4 billion settlement w/ #Franceüá´üá∑, #UKüá¨üáß & #USAüá∫üá∏. https://t.co/ZciRQT8lwK",neutral,twitter.com,55:27.0,twitter,-1.0,0.0,-1.0,0.0,airbus bribed officials brazil china ghana indonesiajapan kuwait malaysia srilanka russia turkey hid payments part pattern worldwide corruption agreed record billion settlement france uk usa
@Barbi_Twins Sickening!!! I could never do something like that and I can‚Äôt even comprehend the mentality of people that think this is acceptable. #china #coronoravirus ü§¨ü§¨ü§¨ü§¨ü§¨ü§¨ü§¨,negative,twitter.com,55:16.0,twitter,0.0,0.0,-1.0,0.0,sickening could never something like can t even comprehend mentality people think acceptable china coronoravirus
RT @StephenMcDonell #Japan and other countries are now denying entry to any Chinese citizens with passports issued in #Hubei Province (where the #coronavirus emergency started). #Singapore has gone one step further denying entry to anyone with a passport from #China.,neutral,twitter.com,54:55.0,twitter,-1.0,0.0,0.0,0.0,japan countries denying entry chinese citizens passports issued hubei province coronavirus emergency started singapore gone one step denying entry anyone passport china
RT @onderaydogan487 #FacialRecognition is the latest form of #Payments in #China >>> @MikeQuindazzi >>> #AI #FinTech #Payments #IoT #tech #DeepLearning #MachineLearning #makeyourownlane #4IR Rt @MikeQuindazzi CC @enricomolinari @mvollmer1 @kuriharan @MargaretSiegien @automeme https://t.co/P0WDjfzSVX,neutral,twitter.com,54:17.0,twitter,0.0,1.0,0.0,0.0,facialrecognition latest form payments china fintech payments iot tech deeplearning machinelearning makeyourownlane ir
"#Wuhan #coronavirus #PANDEMIC BIOENGINEERED: Who‚Äôs behind it, why now and why #China? #WuhanCoronovirus #CoronavirusWho https://t.co/Ug1Jr30HJS",neutral,twitter.com,54:13.0,twitter,0.0,0.0,0.0,0.0,wuhan coronavirus pandemic bioengineered who s behind china wuhancoronovirus coronaviruswho
"RT @kerrya11en üö® New piece! üö® With much of #China in lockdown either because of quarantine or self-quarantine, everyone's been watching livestreams of 2 Wuhan hospitals being built & creating nicknames and fan art for the ""hero"" construction vehicles üò≠üèóüöíüöõüöö Bob the Builder, China style! https://t.co/2LOyt0m1LO",neutral,twitter.com,53:43.0,twitter,1.0,0.0,0.0,0.0,new piece much china lockdown either quarantine selfquarantine everyones watching livestreams wuhan hospitals built creating nicknames fan art hero construction vehicles bob builder china style
"RT @le_french_mulu For the people who want to know what it's like to be in an empty mall in #China during the #CoronaVirus outbreak... It's very weird. #Shanghai has become a #GhostTown! FYI, it's the Super Brand Mall. #ChinaCoronaVirus #CoronaOutbreak https://t.co/LlDndgOPz4",negative,twitter.com,53:38.0,twitter,0.0,0.0,0.0,-1.0,people want know like empty mall china coronavirus outbreak weird shanghai become ghosttown fyi super brand mall chinacoronavirus coronaoutbreak
"RT @sauga960am üì£ New Podcast! ""The Marc Patrone Show - Jan 31, 2020 - Trudeau Gov‚Äôt‚Äôs Anemic, Tough Trade with China, Freedom in Canada & UFO Friday"" on @Spreaker #brampton #caledon #china #freedomincanada #freedomofspeech #gdpgrowth #justintrudeau #mississauga https://t.co/apf6PRX13E",neutral,twitter.com,53:15.0,twitter,0.0,-1.0,0.0,0.0,new podcast marc patrone show jan trudeau gov t s anemic tough trade china freedom canada ufo friday brampton caledon china freedomincanada freedomofspeech gdpgrowth justintrudeau mississauga
"RT @GordonGChang #China will surely continue to employ totalitarian measures, like drones with cameras and speakers, after the epidemic. The regime is unlikely to give up any means to control people, especially if recriminations dominate the national conversation. #WuhanCoronavirusOutbreak",negative,twitter.com,52:46.0,twitter,0.0,0.0,0.0,1.0,china surely continue employ totalitarian measures like drones cameras speakers epidemic regime unlikely give means control people especially recriminations dominate national conversation wuhancoronavirusoutbreak
RT @base_thai #China #Coronavirus Medical staff and journalists say the officially confirmed cases are likely just the tip of the iceberg https://t.co/TEhdbFba7R,neutral,twitter.com,52:38.0,twitter,0.0,0.0,0.0,0.0,china coronavirus medical staff journalists say officially confirmed cases likely tip iceberg
"My report for @Reuters on US oil major Chevron asking its employees to postpone ""non-essential"" business travel to China in the aftermath of the coronavirus outbreak. The flu-like virus has resulted in over 200 deaths in China. #coronarvirus #Chevron #OOTT #Hubei #WHO #China",neutral,twitter.com,52:13.0,twitter,-1.0,0.0,0.0,0.0,report oil major chevron asking employees postpone nonessential business travel china aftermath coronavirus outbreak flulike virus resulted deaths china coronarvirus chevron oott hubei china
Medicial resources like surgical masks are found stuck in storage of #China Red Cross in Wuhan for days. #CoronavirusOutbreak #CCPChina,negative,twitter.com,52:01.0,twitter,0.0,-1.0,0.0,0.0,medicial resources like surgical masks found stuck storage china red cross wuhan days coronavirusoutbreak ccpchina
"@DazAltTheory Hallo, you can read it here: Thread by @DazAltTheory: #CoronaOutbreak #CoronaVirus #CoronaOutbreakVirus #Wuhan #China The Chinese Military, it's‚Ä¶ https://t.co/2kQXFKdAnN. Talk to you soon. ü§ñ",neutral,twitter.com,52:01.0,twitter,0.0,0.0,0.0,0.0,hallo read thread coronaoutbreak coronavirus coronaoutbreakvirus wuhan china chinese military its talk soon
"RT @GracieNunyabiz üö® Whoa. Stop. Read üö® #Wuhan #China hits just keep coming! ""The charges brought by the U.S. government against Professor Lieber are extremely serious. Harvard is cooperating with federal authorities, including the National Institutes of Health"" ~ Harvard https://t.co/zuDZRD7UAZ",negative,twitter.com,51:52.0,twitter,0.0,0.0,0.0,-1.0,whoa stop read wuhan china hits keep coming charges brought government professor lieber extremely serious harvard cooperating federal authorities including national institutes health harvard
RT @cubacenter Two articles in The Wall Street Journal and an article in the Foundation for Economic Education drive home that communist regimes are a threat to public health. https://t.co/POx6TGFGFQ #China #Cuba 1/24 https://t.co/qCzL3V9mSc,neutral,twitter.com,51:45.0,twitter,-1.0,0.0,0.0,0.0,two articles wall street journal article foundation economic education drive home communist regimes threat public health china cuba
"RT @EvaSiu21 Close schools until we know how BC is going to be affected. Next 2-3 weeks will be critical. It's not going 2 critically affect education,but will prevent spread of #coronavirus in BC. We have lot of transnational families with parents working in #China & kids in schools #bcpoli",negative,twitter.com,51:08.0,twitter,0.0,0.0,0.0,-1.0,close schools know going affected next weeks critical going critically affect educationbut prevent spread coronavirus lot transnational families parents working china kids schools bcpoli
China SMI: All sector Sales Managers Index reflecting modest positive changes in January. #SMI #China https://t.co/p7AJiuKCRQ,neutral,twitter.com,51:07.0,twitter,0.0,-1.0,9.0,9.0,china smi sector sales managers index reflecting modest positive changes january smi china
RT @sotiridi And Another video of an person who literately fell dead on the ground of being very ill of the #coronavirus in the city of #Wuhan in the #Hubei province in #China. Video contains again disturbing footage. https://t.co/xjOEKjHhaZ,negative,twitter.com,50:49.0,twitter,-1.0,-1.0,9.0,-1.0,another video person literately fell dead ground ill coronavirus city wuhan hubei province china video contains disturbing footage
"RT @aniaid999 GRAPHIC IMAGES!!! #CHINA #wuhan STOP! STOP! STOP! STOP! STOP! STOP! STOP! STOP! STOP! STOP! STOP! STOP! STOP! STOP! STOP! STOP! STOP! STOP! STOP! STOP! YOU ARE THE MOST VILE, ABHORRENT AND SENSELESS EVIL HUMANS EVER! KARMA MAY YOU WIPE THESE EVIL PEOPLE FROM OUR PLANET üö∑ https://t.co/XOMrylhZDd",positive,twitter.com,50:37.0,twitter,-1.0,-1.0,-1.0,9.0,graphic images china wuhan stop stop stop stop stop stop stop stop stop stop stop stop stop stop stop stop stop stop stop stop vile abhorrent senseless evil humans ever karma may wipe evil people planet
RT @RT_com #Spain confirms first case of fast-spreading #coronavirus gripping #China https://t.co/1GriRYqtqT https://t.co/nNSfcDP16J,neutral,twitter.com,50:16.0,twitter,0.0,9.0,9.0,9.0,spain confirms first case fastspreading coronavirus gripping china
India to rescue 400 Indians stranded in coronavirus epicentre Wuhan.... || #India #China #Wuhan #Coronavirus #CoronavirusOutbreak https://t.co/kpYkZKQB3G,negative,twitter.com,50:00.0,twitter,1.0,1.0,1.0,1.0,india rescue indians stranded coronavirus epicentre wuhan india china wuhan coronavirus coronavirusoutbreak
"RT @nntaleb HOW TO REACT TO PANDEMICS can be dowloaded belo @normonics, @yaneerbaryam #ChinaCoronaVirus #China https://t.co/N0TGkbx94f https://t.co/WH79rULG9d",neutral,twitter.com,49:44.0,twitter,0.0,0.0,0.0,0.0,react pandemics dowloaded belo chinacoronavirus china
RT @Nenagh9 @DrTedros This is the time for an end to #DogCatMeatTrade an end to #WetMeatMarkets This is a time for #China to #Evolve This is 2020.... This is a time to stop #China abysmal #Draconian #AnimalAbuse This is a time to #CleanUp ... to #PractiseHygiene #2019nCoV,neutral,twitter.com,49:39.0,twitter,-1.0,0.0,-1.0,0.0,time end dogcatmeattrade end wetmeatmarkets time china evolve time stop china abysmal draconian animalabuse time cleanup practisehygiene ncov
RT @SenRubioPress Confirmed #coronavirus cases in #Xinjiang highlight the ongoing humanitarian crisis for Uyghurs. The 1+ million detained in camps cannot take basic precautions against the spread of the disease. #China should immediately release those detained. #VirusThreatInCamps https://t.co/4URIDbD6oZ,neutral,twitter.com,49:10.0,twitter,-1.0,-1.0,0.0,-1.0,confirmed coronavirus cases xinjiang highlight ongoing humanitarian crisis uyghurs million detained camps cannot take basic precautions spread disease china immediately release detained virusthreatincamps
RT @MDMahad39345753 Advice for #Travellers Returning from #China: Let us #protect ourselves from the novel #Coronavirus outbreak and prioritise #health & #hygiene by taking adequate precautions and following the appropriate guidelines. #Chiefs #Pretty #Walls #Lamar #Animal #MissAmericana #stars https://t.co/yWrsF6wI0y,neutral,twitter.com,49:09.0,twitter,1.0,1.0,1.0,0.0,advice travellers returning china let protect novel coronavirus outbreak prioritise health hygiene taking adequate precautions following appropriate guidelines chiefs pretty walls lamar animal missamericana stars
"RT @juliojiangwei A doctor suddenly fell to the ground after 36 hours of continuous work, but he returned after a short rest. He is one of countless doctors, who are doing their best to rescue #coronarvirus carriers.This is my country #China and my city #Wuhan. @yicaichina @trish_regan @ChinaDaily https://t.co/TD4wOSIMmI",negative,twitter.com,49:02.0,twitter,1.0,0.0,1.0,1.0,doctor suddenly fell ground hours continuous work returned short rest one countless doctors best rescue coronarvirus carriersthis country china city wuhan
"RT @sotiridi Even leaked video footage showing you a massive exodus of people trying to leave and avoid major big cities in #China duo to the #CoronaVirus after the #WHO declared it a ""Global health Emergency"" yesterday. https://t.co/zNvB3v2eHH",negative,twitter.com,48:01.0,twitter,0.0,-1.0,0.0,1.0,even leaked video footage showing massive exodus people trying leave avoid major big cities china duo coronavirus declared global health emergency yesterday
RT @USAloveGOD #NYC health officials investigating potential #coronavirus case in #Queens #NewYork A person who recently traveled to #NewYorkCity from #China is being tested for possible coronavirus at Elmhurst General Hospital #CoronavirusOutbreak #Virus https://t.co/k6uGUllFWr via @nypost,neutral,twitter.com,47:47.0,twitter,0.0,0.0,0.0,0.0,nyc health officials investigating potential coronavirus case queens newyork person recently traveled newyorkcity china tested possible coronavirus elmhurst general hospital coronavirusoutbreak virus via
#Coronavirus - #China Cats and dogs ‚Äòthrown from tower blocks‚Äô in China after fake news rumours animals are causing spreadüíî ü§¨ü§¨ü§¨ü§¨ https://t.co/C3VSdWHqyO,negative,twitter.com,47:33.0,twitter,0.0,-1.0,-1.0,-1.0,coronavirus china cats dogs thrown tower blocks china fake news rumours animals causing spread
"RT @GracieNunyabiz üö® Whoa. Stop. Read üö® #Wuhan #China hits just keep coming! ""The charges brought by the U.S. government against Professor Lieber are extremely serious. Harvard is cooperating with federal authorities, including the National Institutes of Health"" ~ Harvard https://t.co/zuDZRD7UAZ",negative,twitter.com,46:37.0,twitter,0.0,0.0,0.0,-1.0,whoa stop read wuhan china hits keep coming charges brought government professor lieber extremely serious harvard cooperating federal authorities including national institutes health harvard
RT @dmac5dmark2 Interesting: #China is using AbbVie's #HIV drugs as an ad-hoc treatment for pneumonia caused by the novel #coronavirus while the global search for a cure continues #Wuhan #WuhanCoronavirus #WuhanCoronavirusOutbreak https://t.co/t4LsUtrjrq https://t.co/GRanSoUci8,neutral,twitter.com,46:11.0,twitter,0.0,0.0,0.0,0.0,interesting china using abbvies hiv drugs adhoc treatment pneumonia caused novel coronavirus global search cure continues wuhan wuhancoronavirus wuhancoronavirusoutbreak
"RT @steve_hanke Pro-#Chinese, #Communist thugs brutalize #HongKongProtesters peacefully protesting China's influence in HK. Intimidation is tactic straight out of the Communist playbook. https://t.co/wyNhqp4aAT",negative,twitter.com,45:22.0,twitter,-1.0,0.0,-1.0,-1.0,prochinese communist thugs brutalize hongkongprotesters peacefully protesting chinas influence intimidation tactic straight communist playbook
"RT @onlyyoontv Eggs, fresh vegetables, hand wash. Some of the daily necessities that become so precious in an outbreak. #WuhanCoronavirus #China https://t.co/yYJqIfec71",neutral,twitter.com,45:19.0,twitter,0.0,0.0,0.0,1.0,eggs fresh vegetables hand wash daily necessities become precious outbreak wuhancoronavirus china
"RT @rinachandran Forced to stay indoors, more than 40 million people have tuned in to the livestreams of two hospitals being built: Cement mixers become unlikely celebrities in #China #coronavirus lockdown https://t.co/Ja2e1FwylF",negative,twitter.com,45:03.0,twitter,1.0,0.0,1.0,0.0,forced stay indoors million people tuned livestreams two hospitals built cement mixers become unlikely celebrities china coronavirus lockdown
RT @HotNewsNaija Trump's Proclamation: #Foreign Nationals Who Traveled To #China In Past 2 Weeks Banned Entry To US #travel #worldpowers #climatesecurity #unsc #breaking #news #healthymedicine #healthcare https://t.co/wDpxIztnsS,neutral,twitter.com,44:37.0,twitter,0.0,1.0,0.0,0.0,trumps proclamation foreign nationals traveled china past weeks banned entry travel worldpowers climatesecurity unsc breaking news healthymedicine healthcare
RT @ChalecosAmarill üìπüÜòÔ∏è INCREIBLE QUE ESTO SUCEDA HOY ... This only happens in China. #China https://t.co/TZgTTl7Hzf,neutral,twitter.com,44:07.0,twitter,-1.0,0.0,0.0,0.0,increible que esto suceda hoy happens china china
"RT @Stratfor In this episode of Stratfor's Essential Geopolitics #podcast, host @fred_burton speaks to Stratfor Global Security Analyst Ben West about the novel #coronavirus that appears to have started in a #Wuhan, #China, market. https://t.co/94XyVhhRmn",neutral,twitter.com,43:36.0,twitter,0.0,0.0,0.0,0.0,episode stratfors essential geopolitics podcast host speaks stratfor global security analyst ben west novel coronavirus appears started wuhan china market
RT @SenRubioPress Confirmed #coronavirus cases in #Xinjiang highlight the ongoing humanitarian crisis for Uyghurs. The 1+ million detained in camps cannot take basic precautions against the spread of the disease. #China should immediately release those detained. #VirusThreatInCamps,neutral,twitter.com,42:48.0,twitter,-1.0,0.0,-1.0,-1.0,confirmed coronavirus cases xinjiang highlight ongoing humanitarian crisis uyghurs million detained camps cannot take basic precautions spread disease china immediately release detained virusthreatincamps
"As the #coronavirus outbreak continues to spread across #China, a flurry of early #research is drawing a clearer picture of how the #pathogen behaves and the key factors that will determine whether it can be contained. https://t.co/Lf1Rdlz3wh? Team @biomedsphere",neutral,twitter.com,42:47.0,twitter,1.0,0.0,0.0,0.0,coronavirus outbreak continues spread across china flurry early research drawing clearer picture pathogen behaves key factors determine whether contained team
RT @HK_yellowpepe @ezracheungtoto How about #HongKong? It still opens the door for #China; even Macau is doing better this time. HK civilians are very worried and line up for buying a surgery mask to safeguard our own lives. CLOSE THE BORDER!!!!!! https://t.co/Xeuva1hZTw,negative,twitter.com,42:30.0,twitter,-1.0,0.0,-1.0,0.0,hongkong still opens door china even macau better time civilians worried line buying surgery mask safeguard lives close border
RT @SenRubioPress Confirmed #coronavirus cases in #Xinjiang highlight the ongoing humanitarian crisis for Uyghurs. The 1+ million detained in camps cannot take basic precautions against the spread of the disease. #China should immediately release those detained. #VirusThreatInCamps,neutral,twitter.com,42:24.0,twitter,0.0,-1.0,-1.0,-1.0,confirmed coronavirus cases xinjiang highlight ongoing humanitarian crisis uyghurs million detained camps cannot take basic precautions spread disease china immediately release detained virusthreatincamps
"RT @HawleyMO Last week, I asked federal health & security officials about travel to & from #China given #coronavirus. With worsening conditions since then, it‚Äôs time to consider restricting all US commercial travel to and from China. Public health must be paramount https://t.co/cMkngC7mQy",neutral,twitter.com,42:15.0,twitter,1.0,0.0,0.0,0.0,last week asked federal health security officials travel china given coronavirus worsening conditions since it s time consider restricting commercial travel china public health must paramount
"RT @SenRubioPress While the #coronavirus spreads, we must continue to take necessary steps to address this global health crisis & protect Americans. @StateDept should halt any new visa approvals in #China until the outbreak is contained.",neutral,twitter.com,42:14.0,twitter,0.0,-1.0,0.0,1.0,coronavirus spreads must continue take necessary steps address global health crisis protect americans halt new visa approvals china outbreak contained
"RT @Southcom #SOUTHCOM's Adm. Craig Faller #SASC Testimony: ‚ÄúWhile #Russia, #Cuba, & #China prop up this illegitimate Maduro dictatorship, the democracies of the world look for a way to get the Venezuelan people what they deserve: a free & prosperous #Venezuela.‚Äù @deptofdefense https://t.co/j2WgpL8KDB",neutral,twitter.com,42:01.0,twitter,0.0,0.0,0.0,0.0,southcoms adm craig faller sasc testimony while russia cuba china prop illegitimate maduro dictatorship democracies world look way get venezuelan people deserve free prosperous venezuela
"RT @ALEXNEWMAN_JOU The @UN @UNHumanRights Gave Regime of Communist #China the Names of Dissidents, Then Persecuted the Whistleblower Who Exposed It - https://t.co/FV16Oz5LFo My latest in @EpochTimes @EmmaReillyTweet",negative,twitter.com,41:45.0,twitter,-1.0,-1.0,-1.0,0.0,gave regime communist china names dissidents persecuted whistleblower exposed latest
RT @anadoluagency In Photos | Turkey begins evacuation of Turks from #China https://t.co/f9P0T4fvzZ https://t.co/fEg5cBoPQs,neutral,twitter.com,41:05.0,twitter,1.0,1.0,0.0,0.0,photos turkey begins evacuation turks china
RT @SenRubioPress Confirmed #coronavirus cases in #Xinjiang highlight the ongoing humanitarian crisis for Uyghurs. The 1+ million detained in camps cannot take basic precautions against the spread of the disease. #China should immediately release those detained. #VirusThreatInCamps,neutral,twitter.com,40:38.0,twitter,0.0,-1.0,0.0,-1.0,confirmed coronavirus cases xinjiang highlight ongoing humanitarian crisis uyghurs million detained camps cannot take basic precautions spread disease china immediately release detained virusthreatincamps
RT @CoronaLATEST LATEST: USA to ban foreigners that visited China in the last 14 days from entering the country. #coronavirus #CoronavirusOutbreak #china,negative,twitter.com,39:17.0,twitter,0.0,-1.0,0.0,0.0,latest usa ban foreigners visited china last days entering country coronavirus coronavirusoutbreak china
"RT @steve_hanke Pro-#Chinese, #Communist thugs brutalize #HongKongProtesters peacefully protesting China's influence in HK. Intimidation is tactic straight out of the Communist playbook. https://t.co/wyNhqp4aAT",negative,twitter.com,39:15.0,twitter,-1.0,0.0,-1.0,-1.0,prochinese communist thugs brutalize hongkongprotesters peacefully protesting chinas influence intimidation tactic straight communist playbook
"RT @SenRubioPress While the #coronavirus spreads, we must continue to take necessary steps to address this global health crisis & protect Americans. @StateDept should halt any new visa approvals in #China until the outbreak is contained.",neutral,twitter.com,39:02.0,twitter,-1.0,-1.0,0.0,1.0,coronavirus spreads must continue take necessary steps address global health crisis protect americans halt new visa approvals china outbreak contained
RT @SenRubioPress Confirmed #coronavirus cases in #Xinjiang highlight the ongoing humanitarian crisis for Uyghurs. The 1+ million detained in camps cannot take basic precautions against the spread of the disease. #China should immediately release those detained. #VirusThreatInCamps,neutral,twitter.com,38:22.0,twitter,-1.0,-1.0,-1.0,-1.0,confirmed coronavirus cases xinjiang highlight ongoing humanitarian crisis uyghurs million detained camps cannot take basic precautions spread disease china immediately release detained virusthreatincamps
"ËÑè‰∏≠ÂõΩ‰∫∫ÔºÅÊÆãÈÖ∑ÁöÑ‰∏≠ÂõΩ‰∫∫ÔºÅËÄªËæ±ÔºÅËÄªËæ±ÔºÅËÄªËæ±ÔºÅSICK videos of dogs being burned alive in China's cruel and dirty meat markets have been released by animal rights activists. GRAFIC WARNING! #Chinese spreading their discussing dirty, cruel behavior. #Beijing #Shanghai #PRC #YULIN https://t.co/X3hot7IDO2",negative,twitter.com,37:40.0,twitter,-1.0,-1.0,-1.0,-1.0,sick videos dogs burned alive chinas cruel dirty meat markets released animal rights activists grafic warning chinese spreading discussing dirty cruel behavior beijing shanghai prc yulin
"RT @TravelGov Health Alert: There is an ongoing outbreak of respiratory illness caused by a novel (new) #coronavirus first identified in Wuhan, #China. Additional cases have been identified in other international locations. Be prepared for travel restrictions with little or no advance notice. https://t.co/UlCH62ScNZ",neutral,twitter.com,37:20.0,twitter,-1.0,0.0,-1.0,-1.0,health alert ongoing outbreak respiratory illness caused novel new coronavirus first identified wuhan china additional cases identified international locations prepared travel restrictions little advance notice
#WuhanChina #coronarvirus #china #WORLDSTAR #saycheese TRAGIC üåøüïä https://t.co/6WJ3elS36y,neutral,twitter.com,37:08.0,twitter,0.0,0.0,0.0,0.0,wuhanchina coronarvirus china worldstar saycheese tragic
"RT @kaiyanchen1208 Some media in #China falsely reported that the coronavirus can be spread by pets like #cats and #dogs. The Chinese ignored the truth, they choose to kill their #pets , it have thrown out of the windows from tall buildings. #Coronavirus #ChinaPneumonia #ChinaCoronaVirus https://t.co/Md2FdlKVBU",negative,twitter.com,36:51.0,twitter,-1.0,-1.0,-1.0,-1.0,media china falsely reported coronavirus spread pets like cats dogs chinese ignored truth choose kill pets thrown windows tall buildings coronavirus chinapneumonia chinacoronavirus
RT @SenRubioPress Confirmed #coronavirus cases in #Xinjiang highlight the ongoing humanitarian crisis for Uyghurs. The 1+ million detained in camps cannot take basic precautions against the spread of the disease. #China should immediately release those detained. #VirusThreatInCamps,neutral,twitter.com,36:32.0,twitter,-1.0,0.0,-1.0,0.0,confirmed coronavirus cases xinjiang highlight ongoing humanitarian crisis uyghurs million detained camps cannot take basic precautions spread disease china immediately release detained virusthreatincamps
"RT @GuoLibrary @BillGertz @marcorubio @Jkylebass @MischaEDM @robert_spalding @BaldingsWorld @IanHFletch @WarrenPlatts @anderscorr @geoff_p_wade @GregWAutry @DanRDimicco @joshrogin @ding_gang @BRICBreaker @SariArhoHavren @JohnHemmings2 @dktatlow @RobertClark87 @AMFChina @ajphelo @benedictrogers @JackHHazlewood @1stculturetours @BenKTallmadge @IndoPac_Info @BoycottHegemony @RoyalSkinFood @halliburton50 @maryann_3040 @VOG2020 @sarawei3 @HimalayaGlobal @AndrewSErickson @DTinLosAngeles @David90582574 #China should be #quarantined until it begins to make progress towards democracy, #humanrights, and free speech/ Via @MauraMoynihan1 @anderscorr https://t.co/5rNqZIhmj4",neutral,twitter.com,36:18.0,twitter,-1.0,-1.0,-1.0,1.0,china quarantined begins make progress towards democracy humanrights free speech via
RT @SenRubioPress Confirmed #coronavirus cases in #Xinjiang highlight the ongoing humanitarian crisis for Uyghurs. The 1+ million detained in camps cannot take basic precautions against the spread of the disease. #China should immediately release those detained. #VirusThreatInCamps,neutral,twitter.com,36:12.0,twitter,-1.0,0.0,-1.0,0.0,confirmed coronavirus cases xinjiang highlight ongoing humanitarian crisis uyghurs million detained camps cannot take basic precautions spread disease china immediately release detained virusthreatincamps
@rioferdy5 Please be our director of football @ManUtd #Ighalo Closing deals in #china and #Portugal from #Lagos,neutral,twitter.com,36:00.0,twitter,0.0,0.0,1.0,1.0,please director football ighalo closing deals china portugal lagos
RT @GavinMacSkin #DeltaAirlines & #AmericanAirlines stop flights to #China due to health concerns from the #coronavirus outbreak. American ceases flights to #Beijing and #Shanghai today & resume March 27. Delta stops Feb. 6 & restarts April 30. https://t.co/TJERJvmVeC,neutral,twitter.com,35:53.0,twitter,0.0,0.0,0.0,0.0,deltaairlines americanairlines stop flights china due health concerns coronavirus outbreak american ceases flights beijing shanghai today resume march delta stops feb restarts april
RT @CoronaLATEST 20 patients recovered from coronavirus in Wuhan on Friday. #coronavirus #coronavirusoutbreak #china https://t.co/D5vT7mltsr,negative,twitter.com,35:41.0,twitter,0.0,0.0,1.0,1.0,patients recovered coronavirus wuhan friday coronavirus coronavirusoutbreak china
RT @telesurenglish #China | Citizens are being discriminated against abroad all due to fear-mongering over the #Coronavirus #WuhanCoronavirus #coronaviruschina #coronaviruswuhan https://t.co/ACZFU2mLCv,negative,twitter.com,35:18.0,twitter,0.0,0.0,-1.0,0.0,china citizens discriminated abroad due fearmongering coronavirus wuhancoronavirus coronaviruschina coronaviruswuhan
RT @HKWORLDCITY üá∏üá™ Swedish media calls for action against attacks from Chinese officials #Sweden #China https://t.co/orJmSELvMS,negative,twitter.com,35:06.0,twitter,-1.0,-1.0,-1.0,-1.0,swedish media calls action attacks chinese officials sweden china
"RT @rinachandran Forced to stay indoors, more than 40 million people have tuned in to the livestreams of two hospitals being built: Cement mixers become unlikely celebrities in #China #coronavirus lockdown https://t.co/Ja2e1FwylF",negative,twitter.com,34:55.0,twitter,-1.0,1.0,1.0,1.0,forced stay indoors million people tuned livestreams two hospitals built cement mixers become unlikely celebrities china coronavirus lockdown
"#BTC #Bitcoin 13,866 coming #Crypto #China #Blockchain #Bakkt #Fidelity #DigitalAssets #DigitalGold #Coinbase #Binance #Bitstamp #Bitmex #XRP #Ripple #XRPcommunity #XRPtheStandard #LTC #Litecoin #BCH #BSV https://t.co/tZxf7MJrcK",neutral,twitter.com,34:51.0,twitter,0.0,0.0,0.0,1.0,btc bitcoin coming crypto china blockchain bakkt fidelity digitalassets digitalgold coinbase binance bitstamp bitmex xrp ripple xrpcommunity xrpthestandard ltc litecoin bch bsv
RT @CoronaLATEST 20 patients recovered from coronavirus in Wuhan on Friday. #coronavirus #coronavirusoutbreak #china https://t.co/D5vT7mltsr,negative,twitter.com,34:23.0,twitter,0.0,0.0,1.0,1.0,patients recovered coronavirus wuhan friday coronavirus coronavirusoutbreak china
RT @SenRubioPress Confirmed #coronavirus cases in #Xinjiang highlight the ongoing humanitarian crisis for Uyghurs. The 1+ million detained in camps cannot take basic precautions against the spread of the disease. #China should immediately release those detained. #VirusThreatInCamps,neutral,twitter.com,34:15.0,twitter,-1.0,0.0,-1.0,0.0,confirmed coronavirus cases xinjiang highlight ongoing humanitarian crisis uyghurs million detained camps cannot take basic precautions spread disease china immediately release detained virusthreatincamps
"RT @Southcom #SOUTHCOM's Adm. Craig Faller #SASC Testimony: ‚ÄúWhile #Russia, #Cuba, & #China prop up this illegitimate Maduro dictatorship, the democracies of the world look for a way to get the Venezuelan people what they deserve: a free & prosperous #Venezuela.‚Äù @deptofdefense https://t.co/j2WgpL8KDB",neutral,twitter.com,33:59.0,twitter,0.0,-1.0,0.0,0.0,southcoms adm craig faller sasc testimony while russia cuba china prop illegitimate maduro dictatorship democracies world look way get venezuelan people deserve free prosperous venezuela
Odion Ighalo completed a last minute loan move to Manchester United! ü§Ø @ighalojude to @ManUtd #epl #premierleague #manchesterunited #china #england #manunited #manchester #nigeria #nigerian #soccer #soccerpodcast #futbol #football #austin #austintx #austintexas https://t.co/jMp5dQII2o,neutral,twitter.com,33:54.0,twitter,0.0,0.0,1.0,0.0,odion ighalo completed last minute loan move manchester united epl premierleague manchesterunited china england manunited manchester nigeria nigerian soccer soccerpodcast futbol football austin austintx austintexas
"RT @CPHO_Canada Novel #coronavirus infections are diagnosed based on symptoms and laboratory tests. If you become sick when you return from travel to #China, contact your health care professional. More info: https://t.co/6ep3CEncIR https://t.co/pC4nY3EsH5",neutral,twitter.com,33:31.0,twitter,1.0,0.0,0.0,0.0,novel coronavirus infections diagnosed based symptoms laboratory tests become sick return travel china contact health care professional info
"The Trump administration has temporarily banned foreign nationals who have been to #China in the past two weeks from entering the United States Airlines stop flights to China due to #coronavirus, Chinese furious https://t.co/ehqLnOfUGS",negative,twitter.com,33:28.0,twitter,0.0,-1.0,-1.0,0.0,trump administration temporarily banned foreign nationals china past two weeks entering united states airlines stop flights china due coronavirus chinese furious
RT @HeraldNGNews #Russia reports first two cases of #China #coronavirus https://t.co/T2C9cN5CVX,neutral,twitter.com,33:18.0,twitter,0.0,0.0,0.0,0.0,russia reports first two cases china coronavirus
"RT @nntaleb HOW TO REACT TO PANDEMICS can be dowloaded belo @normonics, @yaneerbaryam #ChinaCoronaVirus #China https://t.co/N0TGkbx94f https://t.co/WH79rULG9d",neutral,twitter.com,32:39.0,twitter,1.0,1.0,0.0,0.0,react pandemics dowloaded belo chinacoronavirus china
"China, Honan (Henan), After the business https://t.co/QnfdwWQiPI #Chine #China https://t.co/tC6vjnDqrq",neutral,twitter.com,32:33.0,twitter,0.0,0.0,0.0,0.0,china honan henan business chine china
RT @MikeQuindazzi #EmergingTech fueling #EdTech in #China >>> @XHNews and HT @evankirstel via @MikeQuindazzi >>> #AI #IoT #makeyourownlane #AR #FacialRecognition https://t.co/EvdQ0ZbDCa,neutral,twitter.com,32:19.0,twitter,0.0,1.0,0.0,1.0,emergingtech fueling edtech china via iot makeyourownlane facialrecognition
"RT @detresfa_ It's been exactly one week since #China began working on the 1000 bed Hospital in #wuhan, video from the site today shows a complete transformation which would hopefully save lives of people affected by the #WuhanVirus #Cornoavirus #nCoV2020 https://t.co/EWpYQ6Rpvy",negative,twitter.com,32:15.0,twitter,0.0,1.0,1.0,1.0,exactly one week since china began working bed hospital wuhan video site today shows complete transformation would hopefully save lives people affected wuhanvirus cornoavirus ncov
RT @MaryJoe38642126 #CoronaVirus / #WuhanCoronovirus May Be #Caused From #Rats Or Other #Wild #Live #Animal #Sold At #HuananSeafoodMarket #China STOP #Eating #Live #Animals All #Animals #Want To #Live #GoVegan For: The #Animals The #ClimateCrisis Your #Health https://t.co/bFs1BCPI3a,neutral,twitter.com,32:09.0,twitter,0.0,0.0,-1.0,0.0,coronavirus wuhancoronovirus may caused rats wild live animal sold huananseafoodmarket china stop eating live animals animals want live govegan animals climatecrisis health
"RT @kerrya11en üö® New piece! üö® With much of #China in lockdown either because of quarantine or self-quarantine, everyone's been watching livestreams of 2 Wuhan hospitals being built & creating nicknames and fan art for the ""hero"" construction vehicles üò≠üèóüöíüöõüöö Bob the Builder, China style!",neutral,twitter.com,31:58.0,twitter,0.0,0.0,-1.0,0.0,new piece much china lockdown either quarantine selfquarantine everyones watching livestreams wuhan hospitals built creating nicknames fan art hero construction vehicles bob builder china style
RT @sotiridi And Another video of an person who literately fell dead on the ground of being very ill of the #coronavirus in the city of #Wuhan in the #Hubei province in #China. Video contains again disturbing footage. https://t.co/xjOEKjHhaZ,negative,twitter.com,31:57.0,twitter,0.0,1.0,1.0,1.0,another video person literately fell dead ground ill coronavirus city wuhan hubei province china video contains disturbing footage
RT @MaryJoe38642126 .@mfa_china #AnimalCruelty Like This #Occurs #Regularly In #China #SpeakOut #Demand #AnimalCruelty #Laws Be #Created/#Enforced PLS #ProtectChinasAnimals .@zlj517 .@chinascio PLS REPORT .@HuXijin_GT .@globaltimesnews .@niubi .@ChuBailiang .@nytimes .@suilee .@HannahAllam .@NPR https://t.co/v0dlYuHPc2,neutral,twitter.com,31:26.0,twitter,-1.0,0.0,-1.0,0.0,animalcruelty like occurs regularly china speakout demand animalcruelty laws createdenforced pls protectchinasanimals pls report
RT @Dave2307 Breaking News #Coronavirus Update 01/02/2020: The virus is now have 11213 infected and 259 deaths. I have no words. Pray for everyone in #China include my family relatives. https://t.co/PWWLRrSMAJ,negative,twitter.com,31:01.0,twitter,-1.0,0.0,-1.0,0.0,breaking news coronavirus update virus infected deaths words pray everyone china include family relatives
"RT @GracieNunyabiz üö® Whoa. Stop. Read üö® #Wuhan #China hits just keep coming! ""The charges brought by the U.S. government against Professor Lieber are extremely serious. Harvard is cooperating with federal authorities, including the National Institutes of Health"" ~ Harvard https://t.co/zuDZRD7UAZ",negative,twitter.com,30:41.0,twitter,0.0,0.0,0.0,0.0,whoa stop read wuhan china hits keep coming charges brought government professor lieber extremely serious harvard cooperating federal authorities including national institutes health harvard
"RT @StephenMcDonell #Coronavirus official figures update: 213 dead; 9720 infected; 15,238 suspected to have been infected; 179 recovered and discharged. Hubei alone 5806 infected and 204 dead. Wuhan city 2639 infected and 159 dead. #China",negative,twitter.com,30:37.0,twitter,0.0,-1.0,0.0,-1.0,coronavirus official figures update dead infected suspected infected recovered discharged hubei alone infected dead wuhan city infected dead china
RT @PhaedraXTeddy #China #coronavirus #Vegan Wealthy #Chinese food blogger about to tear up a bat and eat it. Aren't bats facing #extinction ? https://t.co/mzqO7slPuZ,neutral,twitter.com,29:59.0,twitter,0.0,0.0,-1.0,0.0,china coronavirus vegan wealthy chinese food blogger tear bat eat arent bats facing extinction
"Wildlife=#Wuhan Pets=#Yulin. I have no words for the level of barbarism in #China. Repulsive. ""Stop allowing the yulin dog meat & lychee festival - Sign the Petition!"" https://t.co/BtvAeSB3WQ via @Change",neutral,twitter.com,29:41.0,twitter,-1.0,0.0,-1.0,-1.0,wildlifewuhan petsyulin words level barbarism china repulsive stop allowing yulin dog meat lychee festival sign petition via
"RT @PaulsonInst This Sunday, February 2nd, is #WorldWetlandsDay. Wetlands support 40% of all living species, including this Spoon-billed Sandpiper and her chicks. Learn about the threats facing #China‚Äôs wetlands and why hope may be on the horizon: https://t.co/ZFvYTSZzhc https://t.co/GTqBxw1ii0",neutral,twitter.com,29:15.0,twitter,0.0,1.0,0.0,1.0,sunday february nd worldwetlandsday wetlands support living species including spoonbilled sandpiper chicks learn threats facing china s wetlands hope may horizon
"RT @GuoLibrary @BillGertz @marcorubio @Jkylebass @MischaEDM @robert_spalding @BaldingsWorld @IanHFletch @WarrenPlatts @anderscorr @geoff_p_wade @GregWAutry @DanRDimicco @joshrogin @ding_gang @BRICBreaker @SariArhoHavren @JohnHemmings2 @dktatlow @RobertClark87 @AMFChina @ajphelo @benedictrogers @JackHHazlewood @1stculturetours @BenKTallmadge @IndoPac_Info @BoycottHegemony @RoyalSkinFood @halliburton50 @maryann_3040 @VOG2020 @sarawei3 @HimalayaGlobal @AndrewSErickson @DTinLosAngeles @David90582574 #China should be #quarantined until it begins to make progress towards democracy, #humanrights, and free speech/ Via @MauraMoynihan1 @anderscorr https://t.co/5rNqZIhmj4",neutral,twitter.com,29:12.0,twitter,-1.0,0.0,-1.0,0.0,china quarantined begins make progress towards democracy humanrights free speech via
RT @anadoluagency In Photos | Turkey begins evacuation of Turks from #China https://t.co/f9P0T4fvzZ https://t.co/fEg5cBoPQs,neutral,twitter.com,29:12.0,twitter,0.0,0.0,0.0,0.0,photos turkey begins evacuation turks china
RT @Dave2307 Here is the English version update of the #coronarovirus. Pray for #China. https://t.co/ipR7JphPkR,neutral,twitter.com,29:12.0,twitter,0.0,0.0,0.0,0.0,english version update coronarovirus pray china
RT @KFOX14 All @Delta U.S. flights to #China have been suspended due to the #coronavirus outbreak. Check your flight information here: https://t.co/VdpRyp9oVM https://t.co/PZxBY2Pkml,negative,twitter.com,28:37.0,twitter,0.0,0.0,0.0,0.0,flights china suspended due coronavirus outbreak check flight information
Finding ways to live with seemingly unlivable. #Coronavirus #China #WuhanCoronavirus #2019nCov,neutral,twitter.com,28:34.0,twitter,0.0,0.0,0.0,0.0,finding ways live seemingly unlivable coronavirus china wuhancoronavirus ncov
"RT @sotiridi #Breaking: Just in - Santa Clara County in #California, has confirmed its first case of the #CoronaVirus says local health department. #US #China #Virus",neutral,twitter.com,27:49.0,twitter,0.0,0.0,0.0,0.0,breaking santa clara county california confirmed first case coronavirus says local health department china virus
"RT @GordonGChang This reversal, to allow US experts into #China, suggests Beijing's desperation is now off-the-charts. #WuhanCoronavirus",neutral,twitter.com,27:34.0,twitter,0.0,0.0,0.0,0.0,reversal allow experts china suggests beijings desperation offthecharts wuhancoronavirus
RT @GuoLibrary @Jkylebass @DanRDimicco @WarrenPlatts @IanHFletch @MPerkins_UK @MischaEDM @abresler #China #coronavirus could hit #Beijing‚Äôs ability to meet #US #tradedeal import demands. No surprise! We know they couldn‚Äôt make it. They know they couldn‚Äôt make it. But they still signed the deal. No shame to cheat. https://t.co/bNOdpTZLWY,neutral,twitter.com,27:25.0,twitter,-1.0,0.0,-1.0,0.0,china coronavirus could hit beijing s ability meet tradedeal import demands surprise know couldn t make know couldn t make still signed deal shame cheat
"RT @detresfa_ It's been exactly one week since #China began working on the 1000 bed Hospital in #wuhan, video from the site today shows a complete transformation which would hopefully save lives of people affected by the #WuhanVirus #Cornoavirus #nCoV2020 https://t.co/EWpYQ6Rpvy",negative,twitter.com,27:24.0,twitter,0.0,0.0,0.0,0.0,exactly one week since china began working bed hospital wuhan video site today shows complete transformation would hopefully save lives people affected wuhanvirus cornoavirus ncov
RT @sotiridi And another video of a person who fell on the floor in #China. #CoronaVirus. https://t.co/R1UCrxJ7DF,negative,twitter.com,27:20.0,twitter,0.0,0.0,0.0,0.0,another video person fell floor china coronavirus
"RT @WHO @DrTedros @WHOWPRO @WHOSEARO @pahowho @WHO_Europe @WHOEMRO @WHOAFRO ""In total, there are now 7834 confirmed #2019nCoV cases, including 7736 in #China, representing almost 99% of all reported cases worldwide. 170 people have lost their lives to this outbreak, all of them in China""-@DrTedros",neutral,twitter.com,27:17.0,twitter,0.0,0.0,0.0,0.0,total confirmed ncov cases including china representing almost reported cases worldwide people lost lives outbreak china
"RT @dahboo7 Delta, American Airlines Suspends ALL US Flights to China Amid Coronavirus Outbreak #breaking #news #Coronavirus #China #Delta #AmericanAirlines #CDC https://t.co/8lEWA2BHsA",neutral,twitter.com,27:00.0,twitter,-1.0,0.0,0.0,0.0,delta american airlines suspends flights china amid coronavirus outbreak breaking news coronavirus china delta americanairlines cdc
RT @anadoluagency In Photos | Turkey begins evacuation of Turks from #China https://t.co/f9P0T4fvzZ https://t.co/fEg5cBoPQs,neutral,twitter.com,26:56.0,twitter,0.0,0.0,0.0,0.0,photos turkey begins evacuation turks china
RT @janesvoice ‚òéÔ∏è 24/7 #EMERGENCYHOTLINE #Chinese #English #Korean from #Japan National Tourism #coronavirus Telephone number is 050-3816-2787 #coronaviruswuhan #coronavirusjapan #coronovirusoutbreak #staysafe #China #japan #prayforchina #PrayForWuhan #keepstrong https://t.co/2gZTip6QGi https://t.co/ZwAkVebWMk,neutral,twitter.com,26:48.0,twitter,0.0,0.0,0.0,0.0,emergencyhotline chinese english korean japan national tourism coronavirus telephone number coronaviruswuhan coronavirusjapan coronovirusoutbreak staysafe china japan prayforchina prayforwuhan keepstrong
"üö® Whoa. Stop. Read üö® #Wuhan #China hits just keep coming! ""The charges brought by the U.S. government against Professor Lieber are extremely serious. Harvard is cooperating with federal authorities, including the National Institutes of Health"" ~ Harvard https://t.co/zuDZRD7UAZ",negative,twitter.com,26:08.0,twitter,-1.0,0.0,0.0,0.0,whoa stop read wuhan china hits keep coming charges brought government professor lieber extremely serious harvard cooperating federal authorities including national institutes health harvard
RT @RT_com #Spain confirms first case of fast-spreading #coronavirus gripping #China https://t.co/1GriRYqtqT https://t.co/nNSfcDP16J,neutral,twitter.com,25:46.0,twitter,0.0,0.0,0.0,0.0,spain confirms first case fastspreading coronavirus gripping china
"RT @patcondell The #coronavirus outbreak is entirely the fault of the authoritarian imbeciles who run #China. They covered it up until it was too late, and they arrested anyone who talked about it. They are responsible for every death.",negative,twitter.com,25:27.0,twitter,-1.0,-1.0,-1.0,-1.0,coronavirus outbreak entirely fault authoritarian imbeciles run china covered late arrested anyone talked responsible every death
HRIC Commentary: Hu Ping on Tibetan Self-Immolations https://t.co/WXaBEJU3ka #China #Humanrights #‰∫∫ÊùÉ #Hongkong,neutral,twitter.com,25:09.0,twitter,0.0,0.0,0.0,0.0,hric commentary ping tibetan selfimmolations china humanrights hongkong
RT @TheB1M China is panic-building entire hospitals in a matter of days. #construction #china #wuhan #engineering https://t.co/sTgWaJrLRM,neutral,twitter.com,24:26.0,twitter,0.0,1.0,0.0,0.0,china panicbuilding entire hospitals matter days construction china wuhan engineering
RT @sotiridi #Update: Read the statement in Spanish of #Spain confirming its first case of the #CoronaVirus. #China #Wuhan #Hubei https://t.co/2IhrBvRJLE,neutral,twitter.com,23:33.0,twitter,0.0,0.0,0.0,0.0,update read statement spanish spain confirming first case coronavirus china wuhan hubei
"RT @rinachandran Forced to stay indoors, more than 40 million people have tuned in to the livestreams of two hospitals being built: Cement mixers become unlikely celebrities in #China #coronavirus lockdown https://t.co/Ja2e1FwylF",negative,twitter.com,23:29.0,twitter,0.0,1.0,1.0,0.0,forced stay indoors million people tuned livestreams two hospitals built cement mixers become unlikely celebrities china coronavirus lockdown
"RT @Wing20450959 @ezracheungtoto The #coronavirus outbreak seems more severe than #China wants you to believe. Medics in #Wuhan cried for help and one said the infected might have reached 100,000. Staff and resources are in desperate shortage. #wuhanvirus https://t.co/CzPLYUX52l",negative,twitter.com,22:48.0,twitter,0.0,0.0,-1.0,-1.0,coronavirus outbreak seems severe china wants believe medics wuhan cried help one said infected might reached staff resources desperate shortage wuhanvirus
"RT @JimAshley007 #CoronaVirus Update Jan. 31, 2020: #Trump Administration Declares Public Health Emergency 200+ Dead in China 10,000+ Dead in #USA just for the FLU this season https://t.co/zpEnFJuRUA Suggests NO TRAVEL to #China Wear Mask, Wash Hands, Do NOT Touch Face when out & about!",neutral,twitter.com,22:41.0,twitter,0.0,0.0,0.0,0.0,coronavirus update jan trump administration declares public health emergency dead china dead usa flu season suggests travel china wear mask wash hands touch face
RT @ChalecosAmarill üìπüÜòÔ∏è INCREIBLE QUE ESTO SUCEDA HOY ... This only happens in China. #China https://t.co/TZgTTl7Hzf,neutral,twitter.com,22:27.0,twitter,0.0,0.0,0.0,0.0,increible que esto suceda hoy happens china china
"RT @GordonGChang The uprising that quickly ended the Qing dynasty began in #Wuhan in 1911. Today, people in #China are saying the epidemic there is overwhelming the regime. So will Wuhan be ""China's Chernobyl""? As Marx told us, history repeats. #WuhanCoronavirus",negative,twitter.com,22:22.0,twitter,0.0,-1.0,0.0,0.0,uprising quickly ended qing dynasty began wuhan today people china saying epidemic overwhelming regime wuhan chinas chernobyl marx told history repeats wuhancoronavirus
RT @byebyemattress #China is taking a stand on reducing single-use plastic starting with a ban on plastic bags by the end of the year. Check out the other ways they are combating one of the world's biggest #environmental challenges. @NBCNews https://t.co/vKWpQD3oyG,neutral,twitter.com,22:08.0,twitter,1.0,1.0,0.0,0.0,china taking stand reducing singleuse plastic starting ban plastic bags end year check ways combating one worlds biggest environmental challenges
"#BTC #Bitcoin Inverse H&S to 11,200 #Crypto #China #Blockchain #Bakkt #Fidelity #DigitalAssets #DigitalGold #Coinbase #Binance #Bitstamp #Bitmex #XRP #Ripple #XRPcommunity #XRPtheStandard #LTC #Litecoin #BCH #BSV https://t.co/t3OtC8VVXm",neutral,twitter.com,21:54.0,twitter,0.0,0.0,0.0,0.0,btc bitcoin inverse crypto china blockchain bakkt fidelity digitalassets digitalgold coinbase binance bitstamp bitmex xrp ripple xrpcommunity xrpthestandard ltc litecoin bch bsv
"RT @onlyyoontv Declaring public health emergency over #coronavirus outbreak, US imposing temporary ban on entry for foreign nationals who visited #China in last 14 days. Americans returning from mainland China subject to health screening and up to 14 days quarantine. üò¨",negative,twitter.com,21:43.0,twitter,0.0,-1.0,0.0,0.0,declaring public health emergency coronavirus outbreak imposing temporary ban entry foreign nationals visited china last days americans returning mainland china subject health screening days quarantine
RT @NcovUpdate 30 January 2020. Total confirmed 9776 #WuhanCoronavirus #Wuhan #ChinaVirus #virus #SARS #coronavirus #China #WuhanPneumonia #WuhanLockDown #prayforchina #PrayForWuhan #Philippines #Thailand #Japan #SouthKorea #US #sciences #medecine #France #Vietnam https://t.co/loeRGhWh8q,neutral,twitter.com,21:38.0,twitter,0.0,0.0,0.0,0.0,january total confirmed wuhancoronavirus wuhan chinavirus virus sars coronavirus china wuhanpneumonia wuhanlockdown prayforchina prayforwuhan philippines thailand japan southkorea sciences medecine france vietnam
I love both aesthetics. üò≠ Gimme gimme~ üíó Streaming SMITE tonight at 8 PM - 3 AM EST! Please join. üíã #lovenikki #lovenikkidressupqueen #fashion #wand #magical #strawberries #cute #pure #elegant #mature #streamer #gamergirl #twitch #gaming #stream #china #mobilegame #smite #moba https://t.co/M4ExBd5Skc,neutral,twitter.com,21:30.0,twitter,0.0,0.0,0.0,0.0,love aesthetics gimme gimme streaming smite tonight est please join lovenikki lovenikkidressupqueen fashion wand magical strawberries cute pure elegant mature streamer gamergirl twitch gaming stream china mobilegame smite moba
#RohingyaDontStayInBurma Now Turned as #ChineseDontComeToJapan #China #Wuhan #CoronaVirus #ChineseDontCome #ChineseDontComeToBangladesh #DontGoChina https://t.co/Oveb65or0U,neutral,twitter.com,21:01.0,twitter,-1.0,0.0,-1.0,0.0,rohingyadontstayinburma turned chinesedontcometojapan china wuhan coronavirus chinesedontcome chinesedontcometobangladesh dontgochina
RT @USAloveGOD #NYC health officials investigating potential #coronavirus case in #Queens #NewYork A person who recently traveled to #NewYorkCity from #China is being tested for possible coronavirus at Elmhurst General Hospital #CoronavirusOutbreak #Virus https://t.co/k6uGUllFWr via @nypost,neutral,twitter.com,20:56.0,twitter,0.0,0.0,0.0,0.0,nyc health officials investigating potential coronavirus case queens newyork person recently traveled newyorkcity china tested possible coronavirus elmhurst general hospital coronavirusoutbreak virus via
RT @W7VOA Seventh confirmed US #coronarvirus patient (in northern #California) said to have been exposed while traveling in #China. https://t.co/6DD2Gnr3TR,negative,twitter.com,19:50.0,twitter,0.0,0.0,0.0,0.0,seventh confirmed coronarvirus patient northern california said exposed traveling china
RT @NcovUpdate 30 January 2020. Total confirmed 9776 #WuhanCoronavirus #Wuhan #ChinaVirus #virus #SARS #coronavirus #China #WuhanPneumonia #WuhanLockDown #prayforchina #PrayForWuhan #Philippines #Thailand #Japan #SouthKorea #US #sciences #medecine #France #Vietnam https://t.co/loeRGhWh8q,neutral,twitter.com,19:46.0,twitter,0.0,0.0,0.0,0.0,january total confirmed wuhancoronavirus wuhan chinavirus virus sars coronavirus china wuhanpneumonia wuhanlockdown prayforchina prayforwuhan philippines thailand japan southkorea sciences medecine france vietnam
"RT @Dr_faryal1 #China has imprisoned more than 1 million Uighur Muslims in detention, so Allah Sheds a virus that has not been discovered yet. It has isolated 4 cities with a population of more than 20 million Chinese. ""And you are unaware of what they going to do."" Allahu Akbar.",negative,twitter.com,19:46.0,twitter,-1.0,-1.0,-1.0,-1.0,china imprisoned million uighur muslims detention allah sheds virus discovered yet isolated cities population million chinese unaware going allahu akbar
"RT @DrTedros In many ways, #China is actually setting a new standard for outbreak response. Our greatest concern is the potential for the virus to spread to countries with weaker health systems, and which are ill-prepared to deal with it. #2019nCoV https://t.co/GdUQZGvzkd",neutral,twitter.com,19:38.0,twitter,1.0,1.0,0.0,0.0,many ways china actually setting new standard outbreak response greatest concern potential virus spread countries weaker health systems illprepared deal ncov
"RT @JimAshley007 #CoronaVirus Update Jan. 31, 2020: #Trump Administration Declares Public Health Emergency 200+ Dead in China 10,000+ Dead in #USA just for the FLU this season https://t.co/zpEnFJuRUA Suggests NO TRAVEL to #China Wear Mask, Wash Hands, Do NOT Touch Face when out & about!",neutral,twitter.com,19:01.0,twitter,-1.0,0.0,0.0,0.0,coronavirus update jan trump administration declares public health emergency dead china dead usa flu season suggests travel china wear mask wash hands touch face
"RT @CovertShores At least two #China Navy (PLAN) newly constructed nuclear powered ballistic missile #Submarines (SSBNs, aka Boomers/Bombers) visible in this satellite imagery. https://t.co/3DXDCLLz5r",neutral,twitter.com,19:01.0,twitter,1.0,1.0,0.0,0.0,least two china navy plan newly constructed nuclear powered ballistic missile submarines ssbns aka boomersbombers visible satellite imagery
RT @Dave2307 Breaking News #Coronavirus Update 01/02/2020: The virus is now have 11213 infected and 259 deaths. I have no words. Pray for everyone in #China include my family relatives. https://t.co/PWWLRrSMAJ,negative,twitter.com,18:47.0,twitter,0.0,0.0,0.0,0.0,breaking news coronavirus update virus infected deaths words pray everyone china include family relatives
RT @OCDrises The genome has a little HIV in it ü§îü§î. This getting stranger all the time. #China #ChinaVirus #wuhanvirus #WuhanOutbreak #WuhanLockDown #wuhanquarantine #coronaoutbreak @RealDonaldTrump #Coronavirus #CoronavirusOutbreak #WuFlu #nCov2019 #2019nCov #Bioweapon,neutral,twitter.com,18:43.0,twitter,0.0,0.0,0.0,0.0,genome little hiv getting stranger time china chinavirus wuhanvirus wuhanoutbreak wuhanlockdown wuhanquarantine coronaoutbreak coronavirus coronavirusoutbreak wuflu ncov ncov bioweapon
RT @SenRubioPress Confirmed #coronavirus cases in #Xinjiang highlight the ongoing humanitarian crisis for Uyghurs. The 1+ million detained in camps cannot take basic precautions against the spread of the disease. #China should immediately release those detained. #VirusThreatInCamps,neutral,twitter.com,18:42.0,twitter,-1.0,-1.0,0.0,0.0,confirmed coronavirus cases xinjiang highlight ongoing humanitarian crisis uyghurs million detained camps cannot take basic precautions spread disease china immediately release detained virusthreatincamps
RT @RT_com #Spain confirms first case of fast-spreading #coronavirus gripping #China https://t.co/1GriRYqtqT https://t.co/nNSfcDP16J,neutral,twitter.com,17:44.0,twitter,0.0,0.0,0.0,0.0,spain confirms first case fastspreading coronavirus gripping china
"RT @detresfa_ It's been exactly one week since #China began working on the 1000 bed Hospital in #wuhan, video from the site today shows a complete transformation which would hopefully save lives of people affected by the #WuhanVirus #Cornoavirus #nCoV2020 https://t.co/EWpYQ6Rpvy",negative,twitter.com,17:04.0,twitter,1.0,1.0,0.0,0.0,exactly one week since china began working bed hospital wuhan video site today shows complete transformation would hopefully save lives people affected wuhanvirus cornoavirus ncov
the medical staff of #hongkong is going on strike next week because they don't accept that the government is allowing #china #refugees in and put the lives of their staff and that of the population in danger #coronavirus #Cononavirus #caronavirus #coronovirus,negative,twitter.com,16:32.0,twitter,-1.0,-1.0,0.0,0.0,medical staff hongkong going strike next week dont accept government allowing china refugees put lives staff population danger coronavirus cononavirus caronavirus coronovirus
RT @PhaedraXTeddy #China #coronavirus #Vegan Wealthy #Chinese food blogger about to tear up a bat and eat it. Aren't bats facing #extinction ? https://t.co/mzqO7slPuZ,neutral,twitter.com,16:14.0,twitter,-1.0,-1.0,0.0,0.0,china coronavirus vegan wealthy chinese food blogger tear bat eat arent bats facing extinction
"RT @anderscorr The @WHO response to #nCoV2019 proves that #China has too much influence there. @WHO downplayed the problem and does not allow #Taiwan in, increasing global risk. @WHO should stop playing politics and risking our lives. #QuarantineChina https://t.co/BNJIIXSFSK",neutral,twitter.com,16:04.0,twitter,-1.0,-1.0,0.0,0.0,response ncov proves china much influence downplayed problem allow taiwan increasing global risk stop playing politics risking lives quarantinechina
RT @W7VOA Seventh confirmed US #coronarvirus patient (in northern #California) said to have been exposed while traveling in #China.,negative,twitter.com,15:50.0,twitter,0.0,0.0,0.0,0.0,seventh confirmed coronarvirus patient northern california said exposed traveling china
RT @sotiridi More shocking evidence of people in the #Hubei province dropping down onto the floor of being very ill of the #CoronaVirus in #China. https://t.co/FPdnLA0mir,negative,twitter.com,15:43.0,twitter,-1.0,-1.0,0.0,0.0,shocking evidence people hubei province dropping onto floor ill coronavirus china
RT @ImHussnainSethi An extremely painful video üò¢ We don‚Äôt deserve this üò≠ #coronavirus #CoronavirusOutbreak #PrayForChina #coronaviruswuhan #2019nCoV #China #Wuhan #WuhanCoronavirus #ChinaVirus #WuhanPneumonia #CoronaOutbreak https://t.co/wpMNqTwB18,negative,twitter.com,15:15.0,twitter,-1.0,-1.0,0.0,0.0,extremely painful video don t deserve coronavirus coronavirusoutbreak prayforchina coronaviruswuhan ncov china wuhan wuhancoronavirus chinavirus wuhanpneumonia coronaoutbreak
"China Coronavirus: Death toll rises to 213, infects 9,700 people as WHO declares a global emergency...... #WHO #China #Wuhan #Coronavirus #ChinaVirus #WuhanCoronavirus #CoronoaVirus #CoronaOutbreak #ChinaCoronaVirus https://t.co/gKMoj1mHBw",negative,twitter.com,15:00.0,twitter,-1.0,-1.0,0.0,0.0,china coronavirus death toll rises infects people declares global emergency china wuhan coronavirus chinavirus wuhancoronavirus coronoavirus coronaoutbreak chinacoronavirus
"RT @ks10650 #WuhanCoronovirus frontline Nurse Ooo, by risk of death for publishing such a video, covered in HAZMAT suit begged the people to know, were being lied to, 90,000 infected in #China alone, and it‚Äôs spreading like wildfire. She implored do not go out to eat, don‚Äôt party, avoid -",negative,twitter.com,14:59.0,twitter,-1.0,-1.0,1.0,0.0,wuhancoronovirus frontline nurse ooo risk death publishing video covered hazmat suit begged people know lied infected china alone it s spreading like wildfire implored eat don t party avoid
"RT @thepointwithlx Why is learning Mandarin important for Xinjiang‚Äôs local people? Horigul Tursun, a #Uygur student from Nanjing Audit University, explains why even her parents are keen to learn Mandarin Chinese from scratch. #China #Xinjiang #thepointwithlx https://t.co/3FBmhM7LvP",neutral,twitter.com,14:57.0,twitter,1.0,1.0,1.0,1.0,learning mandarin important xinjiang s local people horigul tursun uygur student nanjing audit university explains even parents keen learn mandarin chinese scratch china xinjiang thepointwithlx
RT @GerberKawasaki No one is out. In a country of 1 bil. All at home. This is a major disaster. #coronarvirus #china,negative,twitter.com,14:52.0,twitter,-1.0,-1.0,0.0,0.0,one country bil home major disaster coronarvirus china
RT @RT_com #Spain confirms first case of fast-spreading #coronavirus gripping #China https://t.co/1GriRYqtqT https://t.co/nNSfcDP16J,neutral,twitter.com,14:31.0,twitter,-1.0,-1.0,0.0,0.0,spain confirms first case fastspreading coronavirus gripping china
"As the #coronavirus spreads, fear is fueling #racism and #xenophobia . #China is the new #nazi . Mass killings. They kill our #Uighurs #Muslims . #eathalal https://t.co/WOeteYoAjg",negative,twitter.com,14:16.0,twitter,-1.0,-1.0,-1.0,-1.0,coronavirus spreads fear fueling racism xenophobia china new nazi mass killings kill uighurs muslims eathalal
RT @IndoPac_Info #Swedish media calls for action against attacks from #Chinese officials Media body says journalists are denied visas and editors receive threatening emails https://t.co/D4pZ95lp2O,negative,twitter.com,14:04.0,twitter,-1.0,-1.0,-1.0,-1.0,swedish media calls action attacks chinese officials media body says journalists denied visas editors receive threatening emails
RT @Metacowboy CCP's policeman welded the door of #coronavirus infected houses #wuhan #china,negative,twitter.com,13:41.0,twitter,-1.0,-1.0,-1.0,-1.0,ccps policeman welded door coronavirus infected houses wuhan china
RT @sotiridi #Breaking: Just in - The First case of the #coronarvirus has been registered in New York at the Queens. #US #China #Virus. https://t.co/HgWjxpHEJs,neutral,twitter.com,13:39.0,twitter,-1.0,-1.0,0.0,0.0,breaking first case coronarvirus registered new york queens china virus
"RT @HongKongFP #HongKong's Carrie Lam dismisses calls to close the border with mainland #China, despite threats of strike action by the medical sector next week. https://t.co/peTxc3r6qa #coronavirus #wuhancoronavirus https://t.co/IJiF3NyIJ4",negative,twitter.com,13:24.0,twitter,-1.0,-1.0,0.0,0.0,hongkongs carrie lam dismisses calls close border mainland china despite threats strike action medical sector next week coronavirus wuhancoronavirus
"RT @cjwerleman ‚ÄúOur only sin was having accepted Islam. We‚Äôre a religious family, we accepted Islam. We prayed five times a day and read the Qur‚Äôan. My parents went to Mecca. They committed no other crime.‚Äù #China https://t.co/E9lF7rBr9O",neutral,twitter.com,13:22.0,twitter,-1.0,-1.0,1.0,1.0,our sin accepted islam we re religious family accepted islam prayed five times day read qur an parents went mecca committed crime china
"Drones watching you, telling you what to do In #China You feel safe, and protected? #georgeorwell #coronavirus #surveillance",negative,twitter.com,12:55.0,twitter,-1.0,-1.0,0.0,0.0,drones watching telling china feel safe protected georgeorwell coronavirus surveillance
"RT @cjwerleman ‚ÄúOur only sin was having accepted Islam. We‚Äôre a religious family, we accepted Islam. We prayed five times a day and read the Qur‚Äôan. My parents went to Mecca. They committed no other crime.‚Äù #China https://t.co/E9lF7rBr9O",neutral,twitter.com,12:43.0,twitter,-1.0,-1.0,1.0,1.0,our sin accepted islam we re religious family accepted islam prayed five times day read qur an parents went mecca committed crime china
"RT @WilliamYang120 Also, one thing that #China is hiding is the number of death caused by the virus. Credible Chinese media outlet @initiumnews interviewed people working at local cremation centers, confirming that many dead bodies were sent directly from the hospitals to the cremation centers...",negative,twitter.com,12:35.0,twitter,-1.0,-1.0,0.0,0.0,also one thing china hiding number death caused virus credible chinese media outlet interviewed people working local cremation centers confirming many dead bodies sent directly hospitals cremation centers
RT @telesurenglish #China | Citizens are being discriminated against abroad all due to fear-mongering over the #Coronavirus #WuhanCoronavirus #coronaviruschina #coronaviruswuhan https://t.co/ACZFU2mLCv,negative,twitter.com,12:33.0,twitter,-1.0,-1.0,0.0,0.0,china citizens discriminated abroad due fearmongering coronavirus wuhancoronavirus coronaviruschina coronaviruswuhan
Hunt begins for 'close contacts' of the two #UK #coronavirus cases https://t.co/PPbMohrwTV #China #York #WARS,neutral,twitter.com,12:26.0,twitter,0.0,0.0,0.0,0.0,hunt begins close contacts two coronavirus cases china york wars
"RT @EpochTimes The US will bar entry to foreign nationals who have been in mainland #China in the past 14 days, in a ramp-up of efforts to stem the spread of the #Coronavirus. The temporary ban won't apply to the immediate family of US citizens or permanent residents. https://t.co/P1JMjTBeyJ",neutral,twitter.com,12:17.0,twitter,-1.0,-1.0,0.0,0.0,bar entry foreign nationals mainland china past days rampup efforts stem spread coronavirus temporary ban wont apply immediate family citizens permanent residents
RT @RT_com #Spain confirms first case of fast-spreading #coronavirus gripping #China https://t.co/1GriRYqtqT https://t.co/nNSfcDP16J,neutral,twitter.com,12:09.0,twitter,0.0,0.0,0.0,0.0,spain confirms first case fastspreading coronavirus gripping china
"I just wanna let everyone know- my dad came home from china.. so if I die, you already know üòÇüòÇ #China",neutral,twitter.com,11:28.0,twitter,0.0,0.0,0.0,0.0,wanna let everyone know dad came home china die already know china
"RT @persecutionnews Amid the #CoronaVirus crisis, #Christians in #China are stepping up to stand in the gap left unattended by the #CCP. See: https://t.co/CrbraXC4Yg",negative,twitter.com,08:03.0,twitter,0.0,0.0,1.0,1.0,amid coronavirus crisis christians china stepping stand gap left unattended ccp see
RT @ellymelly Anyone else notice that the usual #woke #SocialJustice warrior #snowflake #elite saw #China's barbaric treatment of animals in #wuhan cause a world wide viral outbreak and instead of calling out the #Communist nation they decided to... accuse #Auspol of racism ü§î #coronavirus,negative,twitter.com,07:59.0,twitter,-1.0,0.0,-1.0,-1.0,anyone else notice usual woke socialjustice warrior snowflake elite saw chinas barbaric treatment animals wuhan cause world wide viral outbreak instead calling communist nation decided accuse auspol racism coronavirus
RT @RT_com #Spain confirms first case of fast-spreading #coronavirus gripping #China https://t.co/1GriRYqtqT https://t.co/nNSfcDP16J,neutral,twitter.com,07:57.0,twitter,0.0,0.0,0.0,0.0,spain confirms first case fastspreading coronavirus gripping china
"RT @FoxEbenBrown #BREAKING: @CDCGov announces U.S. citizens flown back from #China and kept at March Air Reserve Base in #CA will be under #Federal #Quarantine, which is not voluntary. It's the first such order in 50 years. #fnr",neutral,twitter.com,07:42.0,twitter,0.0,0.0,0.0,0.0,breaking announces citizens flown back china kept march air reserve base federal quarantine voluntary first order years fnr
RT @sotiridi #Update: Read the statement in Spanish of #Spain confirming its first case of the #CoronaVirus. #China #Wuhan #Hubei https://t.co/2IhrBvRJLE,neutral,twitter.com,07:14.0,twitter,0.0,0.0,0.0,0.0,update read statement spanish spain confirming first case coronavirus china wuhan hubei
BREAKING NEWS! @ATLairport Harts-field Jackson airport will be one of only 7 airports in the US receiving flights from China starting 5pm this Sunday #Atlanta #breaking #coronarvirus #china,neutral,twitter.com,06:51.0,twitter,0.0,0.0,0.0,0.0,breaking news hartsfield jackson airport one airports receiving flights china starting pm sunday atlanta breaking coronarvirus china
"RT @DrTedros In many ways, #China is actually setting a new standard for outbreak response. Our greatest concern is the potential for the virus to spread to countries with weaker health systems, and which are ill-prepared to deal with it. #2019nCoV https://t.co/GdUQZGvzkd",neutral,twitter.com,06:46.0,twitter,1.0,1.0,0.0,0.0,many ways china actually setting new standard outbreak response greatest concern potential virus spread countries weaker health systems illprepared deal ncov
"RT @SenRubioPress While the #coronavirus spreads, we must continue to take necessary steps to address this global health crisis & protect Americans. @StateDept should halt any new visa approvals in #China until the outbreak is contained.",neutral,twitter.com,06:26.0,twitter,0.0,0.0,0.0,0.0,coronavirus spreads must continue take necessary steps address global health crisis protect americans halt new visa approvals china outbreak contained
RT @LotteLeicht1 ‚ÄúIt is unacceptable that the world‚Äôs largest dictatorship is trying to prevent free & independent journalism in a democracy like #Sweden. These repeated attacks must cease immediately‚Äù Swedish media calls for action against attacks from #China officials. https://t.co/vXjWgnMFEW,negative,twitter.com,06:02.0,twitter,-1.0,0.0,0.0,0.0,it unacceptable world s largest dictatorship trying prevent free independent journalism democracy like sweden repeated attacks must cease immediately swedish media calls action attacks china officials
"RT @rinachandran Forced to stay indoors, more than 40 million people have tuned in to the livestreams of two hospitals being built: Cement mixers become unlikely celebrities in #China #coronavirus lockdown https://t.co/Ja2e1FwylF",negative,twitter.com,05:29.0,twitter,1.0,0.0,0.0,0.0,forced stay indoors million people tuned livestreams two hospitals built cement mixers become unlikely celebrities china coronavirus lockdown
‚ÄòIs #China set to play a greater role in Afghanistan?‚Äò writes Syed Fazl-e-Haider https://t.co/fWnggBhwkg,neutral,twitter.com,05:04.0,twitter,1.0,1.0,0.0,0.0,is china set play greater role afghanistan writes syed fazlehaider
RT @W7VOA Seventh confirmed US #coronarvirus patient (in northern #California) said to have been exposed while traveling in #China.,negative,twitter.com,04:06.0,twitter,0.0,0.0,0.0,0.0,seventh confirmed coronarvirus patient northern california said exposed traveling china
RT @sotiridi #Update: Read the statement in Spanish of #Spain confirming its first case of the #CoronaVirus. #China #Wuhan #Hubei https://t.co/2IhrBvRJLE,neutral,twitter.com,04:05.0,twitter,0.0,0.0,0.0,0.0,update read statement spanish spain confirming first case coronavirus china wuhan hubei
"RT @GIS_Bandit FYI: #CoronaVirus Status #Dashboard for #China by #ChinaCDC and #esriChina, built w/ @ArcGISJSAPI App: https://t.co/otVS0eEDBJ Background: https://t.co/LqsgblYdTp #virus #healthGIS #esri #ArcGIS #GIS #javascript #esrijs @Esri @Esri_Health @WHO @CDCgov @CDCGlobal @EsriGeoDev https://t.co/eR9GDiOq7C",neutral,twitter.com,03:43.0,twitter,0.0,0.0,0.0,0.0,fyi coronavirus status dashboard china chinacdc esrichina built app background virus healthgis esri arcgis gis javascript esrijs
"RT @TheICIR The website also still parades @GEJonathan as the president of #Nigeria, even though he handed over to @MBuhari 5-years ago. Read here, EMBARRASSING: Website of Nigerian embassy in #China last updated in 2013 despite #coronavirusoutbreak üëâüèø https://t.co/Tuh8aGippx @BashirAhmaad https://t.co/KEwmVBec3J",neutral,twitter.com,03:43.0,twitter,-1.0,-1.0,0.0,0.0,website also still parades president nigeria even though handed years ago read embarrassing website nigerian embassy china last updated despite coronavirusoutbreak
@NewsApac @theheraldsun well it is #Chinese Virus,neutral,twitter.com,03:41.0,twitter,0.0,0.0,0.0,0.0,well chinese virus
RT @SenRubioPress Confirmed #coronavirus cases in #Xinjiang highlight the ongoing humanitarian crisis for Uyghurs. The 1+ million detained in camps cannot take basic precautions against the spread of the disease. #China should immediately release those detained. #VirusThreatInCamps,neutral,twitter.com,03:31.0,twitter,-1.0,-1.0,1.0,1.0,confirmed coronavirus cases xinjiang highlight ongoing humanitarian crisis uyghurs million detained camps cannot take basic precautions spread disease china immediately release detained virusthreatincamps
"RT @HelenBranswell Travel bans can do more damage than they avert, public health experts warn as some lawmakers demand the isolation of #China over #2019nCoV outbreak. From @meggophone & @levfacher. https://t.co/DotYoL0L8y",negative,twitter.com,03:17.0,twitter,-1.0,-1.0,0.0,0.0,travel bans damage avert public health experts warn lawmakers demand isolation china ncov outbreak
RT @SenRubioPress Confirmed #coronavirus cases in #Xinjiang highlight the ongoing humanitarian crisis for Uyghurs. The 1+ million detained in camps cannot take basic precautions against the spread of the disease. #China should immediately release those detained. #VirusThreatInCamps,neutral,twitter.com,02:37.0,twitter,0.0,0.0,0.0,0.0,confirmed coronavirus cases xinjiang highlight ongoing humanitarian crisis uyghurs million detained camps cannot take basic precautions spread disease china immediately release detained virusthreatincamps
"RT @W7VOA US mandates quarantine for 195 evacuees from Wuhan, #China who arrived this week at March Air Reserve Base in California amid #coronavirus worries, reports @washingtonpost. https://t.co/upj9fWC8IC",neutral,twitter.com,02:08.0,twitter,-1.0,-1.0,0.0,0.0,mandates quarantine evacuees wuhan china arrived week march air reserve base california amid coronavirus worries reports
RT @IRIglobal #China‚Äôs increasingly aggressive authoritarianism is one of the most daunting challenges facing developing and established democracies. How some countries have pushed back and what more could be done: https://t.co/gThGDSBz8R https://t.co/1fMvMkyavJ,neutral,twitter.com,01:53.0,twitter,-1.0,-1.0,0.0,0.0,china s increasingly aggressive authoritarianism one daunting challenges facing developing established democracies countries pushed back could done
"RT @Brooklynmonk New York Times confirms, #CPC #China tried to hide the #coronavirus. Some reports claim they knew as early as December 30. This is a #crimeagainstHumanity. How is this any different than releasing a #bilogicalweapon?",neutral,twitter.com,01:49.0,twitter,-1.0,-1.0,0.0,0.0,new york times confirms cpc china tried hide coronavirus reports claim knew early december crimeagainsthumanity different releasing bilogicalweapon
"RT @nntaleb HOW TO REACT TO PANDEMICS can be dowloaded belo @normonics, @yaneerbaryam #ChinaCoronaVirus #China https://t.co/N0TGkbx94f https://t.co/WH79rULG9d",neutral,twitter.com,01:43.0,twitter,0.0,0.0,0.0,0.0,react pandemics dowloaded belo chinacoronavirus china
"RT @FranciscoMarty_ #Coronavirus #Outbreak: How Scared Should You Be? Great #podcast in @sciencevs posted 30Jan2020, featuring several of the actors and witnesses in #China and the USA, including @NIAIDNews, @CatharinePaules. #2019nCoV #DontCoverDiscover @InfectiousDz https://t.co/uq7n14befp",neutral,twitter.com,01:29.0,twitter,0.0,0.0,0.0,0.0,coronavirus outbreak scared great podcast posted jan featuring several actors witnesses china usa including ncov dontcoverdiscover
RT @RT_com #Spain confirms first case of fast-spreading #coronavirus gripping #China https://t.co/1GriRYqtqT https://t.co/nNSfcDP16J,neutral,twitter.com,01:29.0,twitter,-1.0,-1.0,0.0,0.0,spain confirms first case fastspreading coronavirus gripping china
"January 30, 2020: Oxford man pleads guilty to animal cruelty, told to return to #China https://t.co/ifkgneTt6q",negative,twitter.com,01:24.0,twitter,-1.0,0.0,-1.0,-1.0,january oxford man pleads guilty animal cruelty told return china
"RT @DrDenaGrayson üö®BREAKING: #China reports large single-day leap in #2019nCoV cases‚Äînow totaling 9,692 confirmed + thousands of suspected‚Äîand 43 additional deaths, totaling 213. Unfortunately, these numbers will rise....and quickly. @thespybrief #coronavirus #2019_nCov https://t.co/Ogf1AcmfhX",negative,twitter.com,01:20.0,twitter,-1.0,-1.0,0.0,0.0,breaking china reports large singleday leap ncov cases now totaling confirmed thousands suspected and additional deaths totaling unfortunately numbers riseand quickly coronavirus ncov
@calichebahada @Money777Too Check out my feed. Tons of videos of people dying/laying dead in streets. Residents reporting refusal of treatment. China threatens 3-7 yrs in jail for reporting #s via social media. Look up #Wuhan #WuhanCoronavirus #China #coronavirus do some research.,negative,twitter.com,01:00.0,twitter,-1.0,-1.0,0.0,0.0,check feed tons videos people dyinglaying dead streets residents reporting refusal treatment china threatens yrs jail reporting via social media look wuhan wuhancoronavirus china coronavirus research
RT @SecPompeo .@StateDept is increasing the #China Travel Advisory to Level 4 ‚Äì Do Not Travel. This is due to the spread of the novel #coronavirus throughout China & the @WHO determination that the outbreak constitutes a Public Health Emergency of International Concern. https://t.co/BIIUdavoP0,neutral,twitter.com,00:51.0,twitter,-1.0,-1.0,0.0,0.0,increasing china travel advisory level travel due spread novel coronavirus throughout china determination outbreak constitutes public health emergency international concern
@Tessfire1 I agree with you. I even doubt if I should keep supporting #Taiwan to join #WHO as we see they are doing nothing but echoing what #China says. The value of reaching global health has been long gone.,neutral,twitter.com,00:48.0,twitter,-1.0,-1.0,-1.0,-1.0,agree even doubt keep supporting taiwan join see nothing echoing china says value reaching global health long gone
The latest https://t.co/Cx2wfLQfJ7! https://t.co/P1jNmQe2ul Thanks to @Geographedumond @3PlusInt @javifarri #coronavirus #china,neutral,twitter.com,00:41.0,twitter,0.0,0.0,0.0,0.0,latest thanks coronavirus china
RT @W7VOA 'Orwellian' and 'dystopian' are words being uttered on social media today in reaction to patrol drones flying around #China ordering people to put on face masks or go inside amid the #coronavirus outbreak.,negative,twitter.com,00:26.0,twitter,-1.0,-1.0,0.0,0.0,orwellian dystopian words uttered social media today reaction patrol drones flying around china ordering people put face masks inside amid coronavirus outbreak
